{
  "initial_balance": 10000.0,
  "final_net_worth": 10457.000000000007,
  "total_return_pct": 4.570000000000072,
  "sharpe": 0.527342717980644,
  "steps": 139
}