{
  "price_ratio": {
    "mean": 0.7798437048293666,
    "std": 0.030227720229908796,
    "min": 0.7066420664206642,
    "max": 0.8740740740740741
  },
  "price_spread": {
    "mean": -0.9972268041237112,
    "std": 0.22210095442325345,
    "min": -1.6000000000000005,
    "max": -0.5
  },
  "zscore": {
    "mean": -0.13778945615756907,
    "std": 1.2276767918832854,
    "min": -3.7714203042237697,
    "max": 3.4196440444927108
  },
  "spread_ma5": {
    "mean": -0.995848969072165,
    "std": 0.2183459164729722,
    "min": -1.576,
    "max": -0.542
  },
  "spread_ma20": {
    "mean": -0.9908085973159347,
    "std": 0.20930216276848151,
    "min": -1.451,
    "max": -0.6090000000000001
  },
  "spread_std": {
    "mean": 0.05587649661030737,
    "std": 0.035086807418864746,
    "min": 0.0,
    "max": 0.22073740054644234
  },
  "bollinger_high": {
    "mean": -0.87905560409532,
    "std": 0.20311256210125592,
    "min": -1.3303848491020493,
    "max": -0.34352704678442664
  },
  "bollinger_low": {
    "mean": -1.1025615905365496,
    "std": 0.23708384642269353,
    "min": -1.6567916676607577,
    "max": -0.7408531878943212
  },
  "volume_ratio": {
    "mean": 2.6609568554074468,
    "std": 0.9446093734466005,
    "min": 0.834213940221827,
    "max": 7.403570028240596
  }
}