{
  "price_ratio": {
    "mean": 2.9969415426122388,
    "std": 0.5773145792038341,
    "min": 2.049255441008018,
    "max": 4.627800114876507
  },
  "price_spread": {
    "mean": 128.40511340206186,
    "std": 53.88482629160357,
    "min": 32.69,
    "max": 268.58000000000004
  },
  "zscore": {
    "mean": 0.08938755291351877,
    "std": 1.2917733917058833,
    "min": -3.1267205726200564,
    "max": 3.156646327949601
  },
  "spread_ma5": {
    "mean": 128.29624020618556,
    "std": 53.802153165842114,
    "min": 32.71,
    "max": 265.74
  },
  "spread_ma20": {
    "mean": 127.92534953178331,
    "std": 53.693952948917854,
    "min": 32.71,
    "max": 255.775
  },
  "spread_std": {
    "mean": 8.294616009011984,
    "std": 4.781447553811285,
    "min": 0.0,
    "max": 25.336170337452536
  },
  "bollinger_high": {
    "mean": 144.51458154980727,
    "std": 59.683750145631755,
    "min": 32.71,
    "max": 276.3514035400665
  },
  "bollinger_low": {
    "mean": 111.33611751375935,
    "std": 48.855184584584194,
    "min": 21.940619810915052,
    "max": 238.76587984577253
  },
  "volume_ratio": {
    "mean": 1.0331405247853689,
    "std": 0.7325017417019285,
    "min": 0.1514027014991836,
    "max": 5.658629216246124
  }
}