{
  "total_return": 0.0423690000000001,
  "annualized_return": 0.04397223730035971,
  "annualized_volatility": 0.03500041721209641,
  "sharpe_ratio": 1.256334661209769,
  "calmar_ratio": 3.6926635287503986,
  "sortino_ratio": 0.6432490219827448,
  "max_drawdown": 0.01190799999999999,
  "max_drawdown_duration_days": 65,
  "volatility": 0.03500041721209641,
  "total_trades": 3,
  "win_rate": 0.6666666666666666,
  "average_profit_loss_ratio": 4.398509385351485,
  "average_holding_period_days": 12.333333333333334
}